{
    "suite": "sanity",
    "label": "0.13.123",
    "created": 1611122280.9942799,
    "duration": 0.01945209503173828,
    "total test" : 20,
    "passed": 10,
    "failed" :10
}
