{
    "suite": "sanity",
    "label": "0.13.133",
    "created": 1611122280.9942850,
    "duration": 0.01945209503173828,
    "total test" : 15,
    "passed": 10,
    "failed" :5
}
