{
    "suite": "sanity",
    "label": "0.13.143",
    "created": 1611122280.9942899,
    "duration": 0.01945209503173828,
    "total test" : 10,
    "passed": 8,
    "failed" : 2
}
