{
    "suite": "sanity",
    "label": "0.13.153",
    "created": 1611122280.9942950,
    "duration": 0.01945209503173828,
    "passed": 10,
    "failed" :10
}
