{
    "suite": "sanity",
    "label": "0.13.163",
    "created": 1611122280.9942999,
    "duration": 0.01945209503173828,
    "total test" : 10,
    "passed": 10
}
